Date,Actual_Sales,Predicted_Sales
2023-03-08,40000.0,20380.167136682412
2023-03-08,349999.9999999997,310111.2568033953
2023-03-09,14999.99999999999,36633.95331118294
2023-03-09,48000.00000000004,29910.51204072328
2023-03-09,280000.0,185092.17762016036
2023-03-09,210000.0,182112.92330617618
2023-03-09,35999.99999999998,27745.79759869539
2023-03-10,44999.999999999985,35493.3396037489
2023-03-10,50000.000000000015,62238.77002044584
2023-03-10,11999.999999999998,7003.234127951363
2023-03-10,23999.99999999999,26731.730621310686
2023-03-10,100.00000000000003,112.81570440422229
2023-03-10,499.9999999999999,280.3196697716203
2023-03-12,16000.000000000002,17359.38164453659
2023-03-12,124999.9999999999,73464.73811418646
2023-03-12,48000.00000000004,30547.146391926686
2023-03-12,23999.99999999999,21169.45244786389
2023-03-12,200.0,250.92117093278475
2023-03-12,14999.99999999999,7965.302379829305
2023-03-12,44999.999999999985,40626.88929406898
2023-03-12,60000.000000000015,39723.17336481732
2023-03-12,9000.0,7378.748743907846
2023-03-12,44999.999999999985,99852.40420725111
2023-03-13,200.0,249.15923733758308
2023-03-13,2999.9999999999995,8318.371572055152
2023-03-13,44999.999999999985,115812.7832091062
2023-03-14,100.00000000000003,128.11192243366628
2023-03-14,210000.0,199963.95599852965
2023-03-14,35999.99999999998,31616.22043778722
2023-03-14,134999.99999999997,125585.16600478585
2023-03-14,139999.9999999999,176754.86482217262
2023-03-14,6000.000000000005,6627.789584558332
2023-03-15,48000.00000000004,39970.979717821836
2023-03-15,180000.00000000003,126875.16596348258
2023-03-15,100.00000000000003,118.51293441311003
2023-03-15,11999.999999999998,31182.058144294002
2023-03-15,75000.00000000004,38367.46424528505
2023-03-15,75000.00000000004,69133.20076090517
2023-03-15,200.0,278.9891335903968
2023-03-15,29999.99999999999,38104.20831051836
2023-03-15,280000.0,187105.11806049364
2023-03-15,180000.00000000003,137152.1941733281
2023-03-16,23999.99999999999,30504.312818526072
2023-03-16,90000.00000000001,95185.92047782523
2023-03-16,11999.999999999998,25376.29212454154
2023-03-16,8000.0000000000055,17965.568783441293
2023-03-16,499.9999999999999,235.95039280719573
2023-03-16,60000.000000000015,31814.408019206687
2023-03-16,60000.000000000015,27256.030666989685
2023-03-17,23999.99999999999,27771.372497075936
2023-03-17,90000.00000000001,101958.79198094082
2023-03-17,35999.99999999998,28922.77662304392
2023-03-17,50000.000000000015,59587.07936524941
2023-03-18,60000.000000000015,28841.07214945452
2023-03-18,35999.99999999998,27830.42795456818
2023-03-18,23999.99999999999,26851.003672149756
2023-03-18,499.9999999999999,226.22746634195715
2023-03-18,48000.00000000004,26525.93855976338
2023-03-18,100000.00000000004,57949.95537265718
2023-03-19,349999.9999999997,165024.98943812022
2023-03-19,75000.00000000004,69231.23321999576
2023-03-19,200.0,235.7577939688403
2023-03-19,23999.99999999999,18784.564370402408
2023-03-19,60000.000000000015,31211.45614633992
2023-03-19,23999.99999999999,31424.029486686555
2023-03-19,14999.99999999999,42395.58622983573
2023-03-19,44999.999999999985,101128.98841090876
2023-03-19,60000.000000000015,34979.29333431124
2023-03-20,6000.000000000005,9484.020653033625
2023-03-20,44999.999999999985,35079.604938543955
2023-03-20,11999.999999999998,8983.578603539336
2023-03-20,225000.00000000015,119769.8275693327
2023-03-20,60000.000000000015,27759.20546642686
2023-03-20,48000.00000000004,27814.49252816344
2023-03-21,8000.0000000000055,18038.577696682278
2023-03-21,210000.0,222889.1707347483
2023-03-21,48000.00000000004,31324.636390879517
2023-03-21,6000.000000000005,7085.246398023421
2023-03-21,60000.000000000015,27359.209538511153
2023-03-22,23999.99999999999,31737.63100059351
2023-03-22,23999.99999999999,28493.952369960945
2023-03-22,14999.99999999999,36303.39329715008
2023-03-23,14999.99999999999,7054.324664901123
2023-03-23,50.0,110.86138393761036
2023-03-23,90000.00000000001,105955.47317237909
2023-03-23,280000.0,166487.43850600187
2023-03-23,249.9999999999999,129.89079459880043
2023-03-23,124999.9999999999,67529.43206479844
2023-03-23,50000.000000000015,70941.03890336795
2023-03-23,23999.99999999999,30027.724129587852
2023-03-24,50000.000000000015,65398.11226627689
2023-03-24,40000.0,21079.94303718523
2023-03-24,225000.00000000015,145616.3964286422
2023-03-24,400.00000000000006,310.42605743476685
2023-03-24,14999.99999999999,6828.148003245454
2023-03-24,25000.000000000004,62059.21017815094
2023-03-24,139999.9999999999,155864.9624121491
2023-03-24,139999.9999999999,187405.9428862629
2023-03-24,23999.99999999999,27858.442022425977
2023-03-24,200.0,142.97380292802433
2023-03-24,134999.99999999997,104870.78766685925
2023-03-24,2999.9999999999995,7235.086260102353
2023-03-24,11999.999999999998,26081.463466795307
2023-03-25,11999.999999999998,8181.384435242664
2023-03-25,249.9999999999999,119.86380415700759
2023-03-25,249.9999999999999,109.07902720604497
2023-03-25,200.0,146.3667843818862
2023-03-25,280000.0,174413.4526389288
2023-03-25,280000.0,201048.01290450108
2023-03-26,100.00000000000003,235.44799502706434
2023-03-26,280000.0,209164.18876734935
2023-03-26,90000.00000000001,115017.41265054118
2023-03-26,75000.00000000004,60098.439154728956
2023-03-26,31999.999999999993,18283.70272122865
2023-03-27,23999.99999999999,26421.478127753686
2023-03-27,60000.000000000015,33099.70606226241
2023-03-27,60000.000000000015,29581.325266776315
2023-03-27,75000.00000000004,33688.30090755223
2023-03-27,48000.00000000004,28435.611561131573
2023-03-28,11999.999999999998,26249.048164683463
2023-03-28,23999.99999999999,18210.276048904067
2023-03-28,14999.99999999999,10351.481688171418
2023-03-28,249.9999999999999,122.19702350701552
2023-03-28,11999.999999999998,9166.416965231037
2023-03-29,280000.0,153873.81686073178
2023-03-29,210000.0,190123.44248552996
2023-03-29,16000.000000000002,18532.064399376024
2023-03-29,349999.9999999997,173007.086859317
2023-03-29,2999.9999999999995,7809.65923713446
2023-03-29,299.9999999999999,267.91117117778145
2023-03-29,200.0,122.28618011731706
2023-03-29,44999.999999999985,38983.247984393696
2023-03-29,75000.00000000004,59590.54710253854
2023-03-30,23999.99999999999,20030.255184372054
2023-03-30,35999.99999999998,28056.938339138702
2023-03-30,50000.000000000015,58737.25153685263
2023-03-30,60000.000000000015,26656.92050570699
2023-03-30,225000.00000000015,117945.93604593613
2023-03-31,249.9999999999999,108.95236547437851
2023-03-31,299.9999999999999,235.99466749013627
2023-03-31,11999.999999999998,7795.940135878113
2023-03-31,210000.0,165810.12044304502
2023-04-01,75000.00000000004,58908.595765701095
2023-04-01,9000.0,8716.47486279153
2023-04-01,44999.999999999985,121399.25533537495
2023-04-01,11999.999999999998,30637.28485207823
2023-04-01,14999.99999999999,36369.36851392405
2023-04-02,2999.9999999999995,8119.991628920842
2023-04-02,23999.99999999999,20410.58637723466
2023-04-02,48000.00000000004,30774.759228183597
2023-04-02,23999.99999999999,32304.870833471676
2023-04-02,16000.000000000002,21627.838467764734
2023-04-02,44999.999999999985,38654.01670800552
2023-04-03,44999.999999999985,46773.26265210107
2023-04-03,139999.9999999999,183325.4833715499
2023-04-03,100.00000000000003,124.95231822971607
2023-04-03,6000.000000000005,7355.500645850069
2023-04-03,2999.9999999999995,7885.409866032317
2023-04-03,200.0,136.8294466278167
2023-04-03,60000.000000000015,37758.843181154865
2023-04-03,100.00000000000003,113.05689947736249
2023-04-03,23999.99999999999,18482.302711569537
2023-04-03,25000.000000000004,66669.86046121092
2023-04-04,70000.00000000001,152593.0775705081
2023-04-04,25000.000000000004,88543.96054904004
2023-04-04,400.00000000000006,248.85524963196508
2023-04-04,400.00000000000006,245.1522495836816
2023-04-04,100000.00000000004,82765.96341755832
2023-04-04,134999.99999999997,151546.42337578477
2023-04-04,14999.99999999999,40071.843546830576
2023-04-04,139999.9999999999,154752.60604278147
2023-04-05,100.00000000000003,280.6971476338234
2023-04-05,44999.999999999985,46641.44143353979
2023-04-05,9000.0,7644.730932014578
2023-04-06,14999.99999999999,36959.87873881183
2023-04-06,225000.00000000015,133059.19496119232
2023-04-06,299.9999999999999,258.4318182766949
2023-04-06,31999.999999999993,20889.026977816557
2023-04-06,150.0,121.51904595608657
2023-04-07,23999.99999999999,21017.367553949396
2023-04-07,11999.999999999998,7417.947568212635
2023-04-07,200.0,258.5575121733665
2023-04-07,29999.99999999999,51762.34972490089
2023-04-07,31999.999999999993,19615.012320937905
2023-04-07,60000.000000000015,30462.54720172045
2023-04-08,6000.000000000005,7363.689085732326
2023-04-08,40000.0,21800.93714696375
2023-04-08,23999.99999999999,28184.766273475227
2023-04-08,200.0,237.270989760892
2023-04-08,280000.0,213473.44744789143
2023-04-08,44999.999999999985,41485.76468169912
2023-04-08,200.0,253.87407093013982
2023-04-08,23999.99999999999,29340.33918125328
2023-04-09,100.00000000000003,245.2493125249089
2023-04-09,31999.999999999993,20256.490326592135
2023-04-09,75000.00000000004,83708.04942524743
2023-04-09,11999.999999999998,31918.9900731359
2023-04-10,44999.999999999985,35569.84929813709
2023-04-10,44999.999999999985,41411.909076974815
2023-04-10,8000.0000000000055,20626.241835813576
2023-04-10,44999.999999999985,115600.57299856603
2023-04-10,210000.0,167382.6456403957
2023-04-10,400.00000000000006,265.3360430027815
2023-04-11,200.0,249.54497778179865
2023-04-11,29999.99999999999,35979.260808891006
2023-04-11,150.0,116.70258925906285
2023-04-11,6000.000000000005,7478.17942951515
2023-04-11,48000.00000000004,30205.322195757304
2023-04-11,11999.999999999998,32557.26014217977
2023-04-11,50.0,110.96751368295877
2023-04-11,200.0,116.40534035702895
2023-04-11,2999.9999999999995,8216.772637573584
2023-04-11,16000.000000000002,23504.880959295293
2023-04-11,23999.99999999999,20450.78518803571
2023-04-12,400.00000000000006,237.86846995946823
2023-04-12,14999.99999999999,7233.822553301797
2023-04-13,100.00000000000003,120.19016623433488
2023-04-13,180000.00000000003,112713.48484889699
2023-04-13,48000.00000000004,29479.905686512007
2023-04-13,48000.00000000004,29882.97194843819
2023-04-14,90000.00000000001,105504.81937924025
2023-04-14,11999.999999999998,30666.734342227886
2023-04-14,11999.999999999998,7303.81834934938
2023-04-14,8000.0000000000055,30184.076069733455
2023-04-14,100.00000000000003,278.6625783322077
2023-04-15,90000.00000000001,101961.9542635041
2023-04-15,29999.99999999999,37255.538732845125
2023-04-15,70000.00000000001,186379.67669929776
2023-04-15,44999.999999999985,103059.74981101818
2023-04-15,100.00000000000003,254.1111409319413
2023-04-15,75000.00000000004,68115.35769088569
2023-04-15,48000.00000000004,29596.452163489517
2023-04-15,60000.000000000015,35065.870051874175
2023-04-15,14999.99999999999,33020.9035148299
2023-04-16,60000.000000000015,27028.786778749953
2023-04-16,75000.00000000004,60171.18996072885
2023-04-16,11999.999999999998,29788.118045604282
2023-04-16,60000.000000000015,34815.45800415381
2023-04-17,31999.999999999993,17943.732967465632
2023-04-17,75000.00000000004,59828.98277750243
2023-04-17,23999.99999999999,28470.816588710546
2023-04-17,35999.99999999998,27223.540936184392
2023-04-18,23999.99999999999,21164.08317213425
2023-04-18,25000.000000000004,60242.591927087975
2023-04-18,23999.99999999999,29469.433368003018
2023-04-18,35999.99999999998,30399.375756640038
2023-04-18,100.00000000000003,274.7677754385462
2023-04-19,48000.00000000004,37414.385433607866
2023-04-19,44999.999999999985,98564.69618963056
2023-04-19,40000.0,22349.252309361436
2023-04-19,60000.000000000015,31054.07176981971
2023-04-19,23999.99999999999,21034.354948504293
2023-04-19,25000.000000000004,57041.95729705118
2023-04-19,60000.000000000015,37843.217108100594
2023-04-19,124999.9999999999,57157.264480623446
2023-04-20,180000.00000000003,115635.45466620244
2023-04-20,2999.9999999999995,7219.700125053792
2023-04-20,200.0,249.0304273558065
2023-04-20,100.00000000000003,140.84502449613979
2023-04-20,23999.99999999999,22039.9464074419
2023-04-21,35999.99999999998,30611.717658580194
2023-04-21,14999.99999999999,9146.524232430012
2023-04-21,124999.9999999999,70440.67813493592
2023-04-21,75000.00000000004,63936.109893321336
2023-04-21,200.0,122.34289170101255
2023-04-21,60000.000000000015,32301.810239603845
2023-04-21,35999.99999999998,30718.15151752817
2023-04-22,29999.99999999999,41027.87917071487
2023-04-22,11999.999999999998,28053.076636491925
2023-04-22,280000.0,228111.98136226533
2023-04-22,31999.999999999993,20125.94961101591
2023-04-22,14999.99999999999,7222.77914689058
2023-04-22,25000.000000000004,57737.10850713883
2023-04-22,400.00000000000006,255.7845713521155
2023-04-23,14999.99999999999,37244.45922852902
2023-04-23,180000.00000000003,143430.902931553
2023-04-23,14999.99999999999,38428.750774676075
2023-04-23,60000.000000000015,30791.82395638438
2023-04-24,11999.999999999998,31501.828163608192
2023-04-24,349999.9999999997,178432.1305090807
2023-04-24,50000.000000000015,68890.42480812702
2023-04-24,40000.0,20655.07895093466
2023-04-25,75000.00000000004,65509.498547089686
2023-04-25,50000.000000000015,61897.891336059954
2023-04-25,134999.99999999997,151813.88686169282
2023-04-25,35999.99999999998,26688.617748792978
2023-04-25,25000.000000000004,64155.129406660875
2023-04-25,70000.00000000001,135685.13164079384
2023-04-25,499.9999999999999,227.5713479669098
2023-04-25,90000.00000000001,104630.39445636193
2023-04-25,11999.999999999998,27565.263945476592
2023-04-25,44999.999999999985,35064.90288200343
2023-04-26,60000.000000000015,34523.547848513874
2023-04-26,8000.0000000000055,21781.648490478485
2023-04-26,60000.000000000015,29495.452200398777
2023-04-27,23999.99999999999,26620.303858597235
2023-04-28,48000.00000000004,32998.22282875493
2023-04-28,29999.99999999999,38563.65889258539
2023-04-29,100.00000000000003,118.83950545474833
2023-04-29,200.0,229.4380450228371
2023-04-29,48000.00000000004,27875.509043010363
2023-04-29,210000.0,165268.98605445234
2023-04-29,200.0,297.0675922459095
2023-04-29,60000.000000000015,36519.70505881941
2023-04-30,11999.999999999998,30303.890503815834
2023-04-30,280000.0,193533.5293604115
2023-04-30,60000.000000000015,29855.376339653336
2023-04-30,25000.000000000004,71422.72064661449
2023-05-01,48000.00000000004,34870.82802353414
2023-05-01,134999.99999999997,114431.67785088888
2023-05-01,225000.00000000015,111706.35601480343
2023-05-01,100.00000000000003,130.18080051495272
2023-05-01,200.0,127.36453031859361
2023-05-01,29999.99999999999,37896.75601643001
2023-05-01,11999.999999999998,37389.46980791055
2023-05-01,35999.99999999998,29676.025707288067
2023-05-01,2999.9999999999995,7321.074878977431
2023-05-02,35999.99999999998,45216.84067729123
2023-05-02,2999.9999999999995,6813.011381269396
2023-05-02,50.0,108.59542754447764
2023-05-02,23999.99999999999,28305.356545547114
2023-05-02,210000.0,153216.361413326
2023-05-02,50.0,173.1740595659545
2023-05-02,100000.00000000004,63543.60615491407
2023-05-02,75000.00000000004,37567.11420977819
2023-05-02,150.0,137.22557114628955
2023-05-02,11999.999999999998,28918.623551930435
2023-05-02,75000.00000000004,65183.406911799284
2023-05-03,23999.99999999999,19701.280688077026
2023-05-03,44999.999999999985,35017.42373018185
2023-05-03,60000.000000000015,36113.641954216466
2023-05-03,70000.00000000001,149452.72324344085
2023-05-04,60000.000000000015,28948.02886563191
2023-05-04,280000.0,167489.1504875815
2023-05-04,70000.00000000001,175944.2448561625
2023-05-04,23999.99999999999,28279.881435863288
2023-05-04,8000.0000000000055,19945.844896360675
2023-05-04,11999.999999999998,8981.402281441871
2023-05-04,299.9999999999999,271.5335715961825
2023-05-05,25000.000000000004,70193.64574407923
2023-05-05,90000.00000000001,110685.16705924846
2023-05-05,50000.000000000015,68453.07453902002
2023-05-05,29999.99999999999,52517.21196801554
2023-05-06,23999.99999999999,27721.599194659866
2023-05-06,349999.9999999997,197623.0822995398
2023-05-06,23999.99999999999,31390.718369117763
2023-05-06,14999.99999999999,7390.82796121949
2023-05-06,349999.9999999997,193893.5304701451
2023-05-06,134999.99999999997,109611.21544707075
2023-05-06,150.0,108.74329754087928
2023-05-06,23999.99999999999,20134.73946720971
2023-05-06,31999.999999999993,18482.757763437632
2023-05-06,8000.0000000000055,22387.523275680735
2023-05-07,23999.99999999999,18358.563807431477
2023-05-07,75000.00000000004,64053.1672476895
2023-05-07,70000.00000000001,151732.15009536702
2023-05-07,6000.000000000005,10468.522890733835
2023-05-07,299.9999999999999,275.77403429507666
2023-05-07,25000.000000000004,59360.058032390465
2023-05-07,6000.000000000005,6854.977035797111
2023-05-07,40000.0,25076.764437177302
2023-05-08,35999.99999999998,31080.76409432028
2023-05-09,150.0,127.94727727549002
2023-05-09,139999.9999999999,161414.36680475407
2023-05-09,299.9999999999999,256.34927067480595
2023-05-09,23999.99999999999,31703.50636518768
2023-05-09,23999.99999999999,20494.64895568223
2023-05-09,349999.9999999997,203907.83731456735
2023-05-09,35999.99999999998,29562.339413645095
2023-05-09,200.0,288.52521911784544
2023-05-09,29999.99999999999,34577.696056437926
2023-05-09,31999.999999999993,21709.007983959622
2023-05-10,400.00000000000006,302.70579285748215
2023-05-10,249.9999999999999,119.03023393241266
2023-05-10,50000.000000000015,69434.30264000088
2023-05-11,23999.99999999999,26749.24906722307
2023-05-11,75000.00000000004,37671.610411125046
2023-05-11,75000.00000000004,63578.571757016485
2023-05-11,210000.0,173785.86950192516
2023-05-11,35999.99999999998,28391.137883243537
2023-05-11,60000.000000000015,31246.836423116118
2023-05-11,25000.000000000004,58032.179085359065
2023-05-11,50000.000000000015,61624.58056305578
2023-05-11,8000.0000000000055,19684.641252411482
2023-05-11,134999.99999999997,113325.38332859444
2023-05-12,225000.00000000015,105776.92137790428
2023-05-12,35999.99999999998,31746.092966681797
2023-05-12,180000.00000000003,111967.72306076247
2023-05-12,14999.99999999999,8105.254170951026
2023-05-13,225000.00000000015,128452.63490086603
2023-05-13,16000.000000000002,18344.173354920375
2023-05-13,11999.999999999998,25690.552505364452
2023-05-13,23999.99999999999,30340.896188011437
2023-05-13,100.00000000000003,258.92733664406563
2023-05-14,48000.00000000004,29127.704762739584
2023-05-14,134999.99999999997,103058.75161417158
2023-05-14,23999.99999999999,26917.512292997697
2023-05-14,11999.999999999998,7660.944950008678
2023-05-14,23999.99999999999,18425.260116214737
2023-05-14,35999.99999999998,29698.700554057617
2023-05-14,249.9999999999999,108.57330254249338
2023-05-14,60000.000000000015,34386.14517284796
2023-05-15,60000.000000000015,38414.632562866434
2023-05-15,6000.000000000005,8838.643131917797
2023-05-15,134999.99999999997,103011.68913410195
2023-05-16,100.00000000000003,114.2038593572373
2023-05-16,210000.0,161434.24327765577
2023-05-16,50.0,108.368910117154
2023-05-16,60000.000000000015,37646.58244050825
2023-05-16,16000.000000000002,22257.470673025437
2023-05-17,2999.9999999999995,7208.274342707756
2023-05-17,139999.9999999999,170680.42456351014
2023-05-17,200.0,123.75745263997348
2023-05-17,8000.0000000000055,17496.252381733037
2023-05-17,400.00000000000006,289.99904737531335
2023-05-18,70000.00000000001,197178.01518747138
2023-05-18,60000.000000000015,38569.294572375344
2023-05-18,60000.000000000015,40309.63277121522
2023-05-19,299.9999999999999,235.01030986612193
2023-05-19,23999.99999999999,37700.892315213656
2023-05-19,11999.999999999998,29143.07774282626
2023-05-20,100.00000000000003,244.50740458541387
2023-05-20,280000.0,193972.18039763233
2023-05-20,180000.00000000003,116373.75993165048
2023-05-20,8000.0000000000055,19672.09388561463
2023-05-21,60000.000000000015,30771.774688683683
2023-05-21,50.0,126.15180641997037
2023-05-21,100000.00000000004,70653.30942134175
2023-05-21,139999.9999999999,162690.95965293483
2023-05-22,40000.0,17958.911763093736
2023-05-22,11999.999999999998,9469.228636499432
2023-05-22,9000.0,6926.862830780259
2023-05-22,48000.00000000004,30677.43338557324
2023-05-22,75000.00000000004,68799.90385370808
2023-05-22,35999.99999999998,31277.50487994143
2023-05-22,249.9999999999999,125.41957012682713
2023-05-23,14999.99999999999,42537.236101079034
2023-05-23,210000.0,165500.86245207538
2023-05-23,200.0,117.05332049720528
2023-05-24,8000.0000000000055,19309.44531252853
2023-05-24,60000.000000000015,35896.88968758228
2023-05-24,200.0,140.57832444475153
2023-05-24,124999.9999999999,65680.8339942789
2023-05-24,60000.000000000015,35021.091823469054
2023-05-24,35999.99999999998,28181.088090796347
2023-05-24,35999.99999999998,29630.17206954626
2023-05-25,25000.000000000004,60597.248616285375
2023-05-25,70000.00000000001,155011.14638079773
2023-05-25,29999.99999999999,35222.63645366273
2023-05-25,100000.00000000004,60668.38753806238
2023-05-25,280000.0,192158.10700685272
2023-05-25,11999.999999999998,27372.360006997744
2023-05-25,16000.000000000002,22820.343269388915
2023-05-25,60000.000000000015,36579.34932386015
2023-05-26,29999.99999999999,35600.17661714846
2023-05-26,349999.9999999997,235749.7499088658
2023-05-26,11999.999999999998,26100.074944036074
2023-05-26,16000.000000000002,19634.430886392198
2023-05-26,100000.00000000004,73797.2136024829
2023-05-26,210000.0,167666.6299251094
2023-05-26,23999.99999999999,29604.313591114802
2023-05-26,400.00000000000006,271.76808676815483
2023-05-27,60000.000000000015,35720.14682021021
2023-05-27,60000.000000000015,29297.462956683314
2023-05-27,8000.0000000000055,19771.334133119177
2023-05-28,11999.999999999998,28721.493807175804
2023-05-28,23999.99999999999,31061.080276489025
2023-05-28,60000.000000000015,31619.30294707977
2023-05-28,200.0,184.6398135860304
2023-05-28,6000.000000000005,8016.474141901389
2023-05-28,23999.99999999999,22747.989623476336
2023-05-28,100000.00000000004,68286.28512211614
2023-05-29,8000.0000000000055,17953.628495666082
2023-05-29,23999.99999999999,19415.084526393384
2023-05-29,35999.99999999998,27437.017959985766
2023-05-29,23999.99999999999,20824.3046779186
2023-05-29,280000.0,216551.72996746932
2023-05-29,50000.000000000015,60936.43593500222
2023-05-30,150.0,111.55085890617312
2023-05-30,6000.000000000005,7025.3988603295575
2023-05-30,11999.999999999998,7582.934550371771
2023-05-30,60000.000000000015,45977.56543211305
2023-05-30,16000.000000000002,21194.236414869167
2023-05-31,200.0,263.6138858019411
2023-05-31,31999.999999999993,19709.119310202695
2023-05-31,90000.00000000001,139684.84176088712
2023-05-31,249.9999999999999,114.26198152211997
2023-05-31,349999.9999999997,398398.34369379823
2023-05-31,50000.000000000015,71871.01448949905
2023-06-01,90000.00000000001,113991.96325603013
2023-06-01,134999.99999999997,119598.02884060924
2023-06-01,23999.99999999999,27194.472061236167
2023-06-01,75000.00000000004,40790.71893718687
2023-06-02,200.0,262.10935711238517
2023-06-02,16000.000000000002,20935.764614271444
2023-06-02,35999.99999999998,28240.5251806646
2023-06-02,75000.00000000004,64035.81180853489
2023-06-02,11999.999999999998,31241.645485038418
2023-06-02,40000.0,18019.029454276286
2023-06-03,35999.99999999998,33898.0794735239
2023-06-03,23999.99999999999,29880.902688333397
2023-06-04,14999.99999999999,7194.630295286303
2023-06-04,50.0,117.00821658122943
2023-06-04,35999.99999999998,33584.393512492374
2023-06-04,23999.99999999999,28993.61320420348
2023-06-04,60000.000000000015,39774.78085803379
2023-06-04,349999.9999999997,199510.0621189267
2023-06-05,35999.99999999998,28600.720886778356
2023-06-05,6000.000000000005,7885.3983600408
2023-06-05,60000.000000000015,41051.475879019265
2023-06-05,11999.999999999998,27703.07834543009
2023-06-06,35999.99999999998,28852.575403986662
2023-06-06,134999.99999999997,116662.38770235569
2023-06-06,48000.00000000004,28836.42819294791
2023-06-06,280000.0,160417.53087423605
2023-06-06,90000.00000000001,103709.12442557968
2023-06-06,23999.99999999999,18816.554246272168
2023-06-06,9000.0,8102.871971365547
2023-06-06,100000.00000000004,66855.859680396
2023-06-07,349999.9999999997,186143.78997791788
2023-06-07,150.0,122.17422170849933
2023-06-07,139999.9999999999,210355.41094322116
2023-06-07,150.0,114.86774274268966
2023-06-07,16000.000000000002,20444.845013411265
2023-06-08,14999.99999999999,7032.434291970458
2023-06-08,134999.99999999997,129764.17159902754
2023-06-09,23999.99999999999,28940.722342234054
2023-06-09,8000.0000000000055,18804.443201350794
2023-06-09,50.0,118.91430929229806
2023-06-09,50000.000000000015,63080.88154739626
2023-06-10,11999.999999999998,32913.47324476113
2023-06-10,139999.9999999999,165941.13335245015
2023-06-10,23999.99999999999,30913.7526012846
2023-06-10,31999.999999999993,18331.70916547625
2023-06-10,280000.0,216699.37107982574
2023-06-10,31999.999999999993,18283.209982037133
2023-06-11,14999.99999999999,36164.948775513694
2023-06-11,150.0,135.81057994567314
2023-06-11,6000.000000000005,7201.638207542673
2023-06-12,14999.99999999999,35095.79174988202
2023-06-12,280000.0,183728.1957491488
2023-06-12,11999.999999999998,27927.131454257993
2023-06-12,70000.00000000001,149011.72018942062
2023-06-12,50.0,190.57779647253773
2023-06-13,11999.999999999998,35237.936473252965
2023-06-13,50.0,142.25131978124736
2023-06-13,9000.0,7699.522533671338
2023-06-13,6000.000000000005,10707.651924145148
2023-06-13,134999.99999999997,126316.52925894242
2023-06-13,31999.999999999993,24137.72468647843
2023-06-13,70000.00000000001,167391.8164645584
2023-06-13,400.00000000000006,249.03912900099664
2023-06-13,280000.0,231943.32157892175
2023-06-13,210000.0,183658.0342788655
2023-06-14,25000.000000000004,65681.6115217315
2023-06-14,100.00000000000003,110.97829064704058
2023-06-14,139999.9999999999,170351.95890420896
2023-06-14,210000.0,194174.51899540116
2023-06-15,11999.999999999998,27789.490000917594
2023-06-15,349999.9999999997,169986.2846262569
2023-06-15,8000.0000000000055,21286.85054634459
2023-06-15,60000.000000000015,29980.666848799996
2023-06-15,150.0,107.72494178476873
2023-06-15,14999.99999999999,36562.11720070113
2023-06-15,23999.99999999999,19261.412210873845
2023-06-16,25000.000000000004,64338.22317958004
2023-06-17,50000.000000000015,59806.41601378657
2023-06-17,60000.000000000015,34389.14094339095
2023-06-17,35999.99999999998,26914.426085559808
2023-06-17,249.9999999999999,114.36288583371764
2023-06-17,44999.999999999985,35683.252888262185
2023-06-18,11999.999999999998,31561.378370308277
2023-06-18,210000.0,174452.37991840273
2023-06-18,9000.0,7038.657495070505
2023-06-18,349999.9999999997,208254.99293593693
2023-06-19,210000.0,169610.30546188288
2023-06-19,100000.00000000004,59114.01304481159
2023-06-19,210000.0,186269.88576167784
2023-06-19,124999.9999999999,63932.52432574811
2023-06-20,6000.000000000005,6274.344444895258
2023-06-20,44999.999999999985,33477.574052717966
2023-06-20,35999.99999999998,24963.368869588747
2023-06-20,200.0,126.8414786846672
2023-06-20,299.9999999999999,256.046979687501
2023-06-20,14999.99999999999,7353.866699012366
2023-06-21,44999.999999999985,37591.10973876162
2023-06-21,210000.0,252640.54578420956
2023-06-21,124999.9999999999,61311.03940233529
2023-06-22,44999.999999999985,104483.23847555992
2023-06-22,100.00000000000003,138.47961143388176
2023-06-22,349999.9999999997,161149.0871559522
2023-06-22,249.9999999999999,114.49478456812231
2023-06-22,48000.00000000004,36816.29573749264
2023-06-22,299.9999999999999,256.92468118431435
2023-06-22,14999.99999999999,33029.15095050517
2023-06-22,23999.99999999999,19015.17671976776
2023-06-22,349999.9999999997,195713.7414505277
2023-06-22,134999.99999999997,115223.4301926523
2023-06-23,31999.999999999993,23798.559578302298
2023-06-23,60000.000000000015,34409.870309694576
2023-06-23,2999.9999999999995,7493.072077936756
2023-06-24,210000.0,169540.23713807904
2023-06-24,249.9999999999999,110.27379494304323
2023-06-24,499.9999999999999,252.45963848063
2023-06-24,14999.99999999999,37811.49852689929
2023-06-24,60000.000000000015,33916.03591955923
2023-06-24,70000.00000000001,168792.5584016987
2023-06-24,2999.9999999999995,7092.635683429265
2023-06-25,134999.99999999997,142944.1609288387
2023-06-25,50.0,132.02267481787624
2023-06-26,100.00000000000003,111.4412867236077
2023-06-26,150.0,135.20926905026693
2023-06-26,180000.00000000003,118305.44085114983
2023-06-26,134999.99999999997,111609.74824525631
2023-06-26,280000.0,158402.62431673295
2023-06-27,48000.00000000004,28901.61408989079
2023-06-27,2999.9999999999995,8424.95674749933
2023-06-27,150.0,110.60545732991677
2023-06-27,16000.000000000002,18106.51619463012
2023-06-27,139999.9999999999,153263.0483620108
2023-06-27,23999.99999999999,20611.496987322433
2023-06-27,50000.000000000015,70833.43967930273
2023-06-27,180000.00000000003,121966.71399513593
2023-06-28,150.0,119.35537695994141
2023-06-28,150.0,109.50457873746679
2023-06-28,90000.00000000001,101850.00498902517
2023-06-28,124999.9999999999,70034.82699577893
2023-06-28,249.9999999999999,124.01900623599627
2023-06-28,60000.000000000015,28429.902650387925
2023-06-29,225000.00000000015,134939.0599955338
2023-06-30,14999.99999999999,33252.375319972954
2023-06-30,139999.9999999999,160163.98309621157
2023-06-30,44999.999999999985,101176.05002555983
2023-06-30,180000.00000000003,120994.77737998219
2023-06-30,31999.999999999993,18876.95196182503
2023-06-30,60000.000000000015,36399.406076318
2023-07-01,6000.000000000005,8096.29527489236
2023-07-01,44999.999999999985,35325.26635208988
2023-07-01,14999.99999999999,7051.481085980296
2023-07-01,499.9999999999999,246.90623421139583
2023-07-01,200.0,125.77362801699063
2023-07-01,11999.999999999998,9583.366840649942
2023-07-02,100000.00000000004,75260.85826587152
2023-07-02,200.0,123.37446679401117
2023-07-02,139999.9999999999,154133.26129188735
2023-07-03,14999.99999999999,35722.14974482134
2023-07-03,280000.0,209433.9585839568
2023-07-04,100.00000000000003,140.41867208488807
2023-07-04,2999.9999999999995,7859.472718638948
2023-07-04,31999.999999999993,18619.366058041654
2023-07-04,280000.0,195548.9312403988
2023-07-04,60000.000000000015,36490.82302357686
2023-07-04,200.0,249.0728694876554
2023-07-05,23999.99999999999,34386.24862004914
2023-07-05,35999.99999999998,29753.318024151922
2023-07-05,349999.9999999997,218313.17397228122
2023-07-05,150.0,124.73485523938614
2023-07-05,14999.99999999999,6847.796894432363
2023-07-06,150.0,116.3712495421796
2023-07-06,139999.9999999999,151405.1976890545
2023-07-06,50.0,130.05534443626192
2023-07-07,9000.0,7188.3878206341105
2023-07-07,70000.00000000001,162728.64061691065
2023-07-07,23999.99999999999,18414.900601842895
2023-07-07,139999.9999999999,184691.67438384003
2023-07-07,349999.9999999997,180765.52286115807
2023-07-08,70000.00000000001,169090.7905981367
2023-07-08,75000.00000000004,69510.9211407182
2023-07-08,6000.000000000005,8170.188017425818
2023-07-08,210000.0,166351.39407432885
2023-07-08,400.00000000000006,267.6187048702822
2023-07-09,23999.99999999999,35034.633553935484
2023-07-09,249.9999999999999,124.26118097322164
2023-07-10,60000.000000000015,45172.84636971739
2023-07-10,180000.00000000003,120524.31873079813
2023-07-10,299.9999999999999,286.6835393738
2023-07-10,44999.999999999985,118177.77645654311
2023-07-10,23999.99999999999,24397.826096050605
2023-07-11,280000.0,171419.94468024987
2023-07-11,75000.00000000004,85524.23222987332
2023-07-11,6000.000000000005,7204.766646429249
2023-07-11,14999.99999999999,34003.28862331416
2023-07-12,6000.000000000005,8216.861241733162
2023-07-12,100.00000000000003,131.66545761983855
2023-07-12,2999.9999999999995,8784.584473682575
2023-07-12,35999.99999999998,28505.49716141791
2023-07-13,50.0,125.85430382864982
2023-07-13,48000.00000000004,30152.88946381849
2023-07-13,16000.000000000002,18534.27286314308
2023-07-13,100.00000000000003,270.0204097035346
2023-07-13,100.00000000000003,118.3647822696737
2023-07-13,134999.99999999997,105890.54364712139
2023-07-13,2999.9999999999995,8349.4936221725
2023-07-14,100.00000000000003,118.67221731307318
2023-07-14,60000.000000000015,28832.272447770265
2023-07-15,11999.999999999998,31328.059997849192
2023-07-15,150.0,113.98153349428804
2023-07-15,11999.999999999998,28675.415302507212
2023-07-15,150.0,121.31934901558486
2023-07-16,349999.9999999997,193577.25055893994
2023-07-16,31999.999999999993,22892.39852649166
2023-07-16,6000.000000000005,8112.573827785262
2023-07-16,200.0,268.5512257636915
2023-07-16,29999.99999999999,36836.11831826499
2023-07-16,299.9999999999999,272.2769005386832
2023-07-17,180000.00000000003,119051.8617519996
2023-07-17,60000.000000000015,41435.76721374578
2023-07-17,50000.000000000015,71871.24893091677
2023-07-17,100.00000000000003,154.07720992942924
2023-07-18,44999.999999999985,41811.705318412976
2023-07-18,40000.0,21290.930786920442
2023-07-18,8000.0000000000055,20894.33964137604
2023-07-18,100000.00000000004,81163.29710309058
2023-07-18,50000.000000000015,64781.623033021075
2023-07-18,124999.9999999999,81499.96908071316
2023-07-19,29999.99999999999,43824.636460888396
2023-07-19,31999.999999999993,18537.083527775343
2023-07-19,124999.9999999999,66161.12970393189
2023-07-19,150.0,168.27302205040536
2023-07-19,70000.00000000001,166718.6082927065
2023-07-19,100.00000000000003,232.24458355235006
2023-07-20,180000.00000000003,126611.54037141641
2023-07-20,100.00000000000003,106.1768012087659
2023-07-20,48000.00000000004,34480.89064909649
2023-07-20,150.0,128.80311854743854
2023-07-20,280000.0,200663.60267441816
2023-07-21,90000.00000000001,112431.9780798671
2023-07-21,400.00000000000006,277.20730625265253
2023-07-21,40000.0,21560.242598825374
2023-07-21,29999.99999999999,35092.1453636922
2023-07-21,48000.00000000004,32223.235989513076
2023-07-21,48000.00000000004,28452.237169317243
2023-07-21,124999.9999999999,65998.29519765562
2023-07-21,280000.0,172919.63682290446
2023-07-21,200.0,264.2981453555791
2023-07-21,90000.00000000001,118737.56966759158
2023-07-21,75000.00000000004,35303.7026172252
2023-07-22,349999.9999999997,187706.4132466252
2023-07-22,14999.99999999999,49448.247415397505
2023-07-22,11999.999999999998,26406.76873548559
2023-07-23,249.9999999999999,110.48980808824574
2023-07-23,124999.9999999999,81943.49285415406
2023-07-23,225000.00000000015,141248.5903637012
2023-07-23,280000.0,166478.29205702373
2023-07-23,25000.000000000004,62031.07327742185
2023-07-23,50000.000000000015,56284.35284196877
2023-07-24,16000.000000000002,17397.816072930837
2023-07-24,8000.0000000000055,18194.436451469748
2023-07-24,11999.999999999998,29770.191880519666
2023-07-24,6000.000000000005,6961.552780128545
2023-07-24,60000.000000000015,28474.511423528744
2023-07-24,40000.0,19595.26980984009
2023-07-24,35999.99999999998,30036.560311365396
2023-07-24,35999.99999999998,27154.91157278632
2023-07-25,8000.0000000000055,18655.397955527762
2023-07-25,180000.00000000003,123223.56667631135
2023-07-25,225000.00000000015,120587.42651943669
2023-07-26,139999.9999999999,203693.6156025875
2023-07-26,100000.00000000004,63556.86303278528
2023-07-26,280000.0,202211.9444850433
2023-07-26,70000.00000000001,138541.46094239765
2023-07-27,8000.0000000000055,19748.40800037329
2023-07-27,280000.0,172325.67752172553
2023-07-27,400.00000000000006,213.28383035357515
2023-07-27,11999.999999999998,32831.694813398004
2023-07-27,8000.0000000000055,18276.580046021354
2023-07-28,23999.99999999999,28715.155254296224
2023-07-28,124999.9999999999,69323.17007598699
2023-07-28,50.0,130.1675205473596
2023-07-28,44999.999999999985,108386.60445097987
2023-07-28,100.00000000000003,117.81426283652122
2023-07-28,124999.9999999999,59801.65998316263
2023-07-28,75000.00000000004,39278.105258367934
2023-07-28,6000.000000000005,7696.700605324966
2023-07-29,35999.99999999998,30563.63271510204
2023-07-29,8000.0000000000055,19288.013157383055
2023-07-29,100.00000000000003,239.31423111925716
2023-07-29,299.9999999999999,253.34110141358858
2023-07-30,150.0,116.8183462146823
2023-07-31,210000.0,163393.6814356319
2023-07-31,499.9999999999999,347.8325959349512
2023-07-31,60000.000000000015,49121.943882732296
2023-08-01,180000.00000000003,126255.92489190756
2023-08-01,60000.000000000015,30555.62390110628
2023-08-01,23999.99999999999,32567.359474146775
2023-08-01,499.9999999999999,279.24693655948965
2023-08-01,90000.00000000001,117890.00944472411
2023-08-02,11999.999999999998,9581.116888110557
2023-08-02,23999.99999999999,28359.82309552408
2023-08-02,8000.0000000000055,22206.317034653486
2023-08-02,44999.999999999985,155267.5633825404
2023-08-02,299.9999999999999,250.00583052064502
2023-08-02,48000.00000000004,33631.44457785601
2023-08-02,31999.999999999993,19824.36250176976
2023-08-02,44999.999999999985,121601.41386199418
2023-08-03,14999.99999999999,7366.226140765642
2023-08-03,60000.000000000015,37846.712781651884
2023-08-03,11999.999999999998,31618.13726213055
2023-08-03,50.0,150.34462224606577
2023-08-03,14999.99999999999,7383.662234114353
2023-08-03,11999.999999999998,34866.91820422669
2023-08-03,11999.999999999998,29593.836281520256
2023-08-04,11999.999999999998,30286.977444191187
2023-08-04,280000.0,189331.43406892664
2023-08-04,180000.00000000003,127337.48104736222
2023-08-04,25000.000000000004,68926.41763009822
2023-08-05,23999.99999999999,20982.35588091563
2023-08-05,11999.999999999998,8195.892150966363
2023-08-05,75000.00000000004,37984.35667598869
2023-08-05,75000.00000000004,39755.802977135245
2023-08-05,2999.9999999999995,8608.602263669985
2023-08-05,249.9999999999999,130.25327568280838
2023-08-05,40000.0,19919.390409944102
2023-08-05,225000.00000000015,132818.15740993278
2023-08-06,11999.999999999998,30753.04285591062
2023-08-06,139999.9999999999,164549.12432514806
2023-08-07,31999.999999999993,22025.084351844278
2023-08-07,50000.000000000015,63677.965646309065
2023-08-07,2999.9999999999995,6901.520336286883
2023-08-07,60000.000000000015,31147.879485498474
2023-08-07,299.9999999999999,261.1011706842055
2023-08-07,139999.9999999999,180560.43560500754
2023-08-07,100.00000000000003,115.8244485492552
2023-08-07,44999.999999999985,37403.75107818837
2023-08-07,29999.99999999999,35891.57177841159
2023-08-07,35999.99999999998,28742.10173074714
2023-08-07,150.0,122.84487005497019
2023-08-08,249.9999999999999,125.17044837177129
2023-08-08,48000.00000000004,32598.67466080739
2023-08-09,200.0,117.24823856054681
2023-08-09,35999.99999999998,30216.110024327558
2023-08-09,75000.00000000004,35920.97574975945
2023-08-09,280000.0,228037.80550786192
2023-08-09,11999.999999999998,28077.077408383455
2023-08-09,11999.999999999998,37576.93339829834
2023-08-09,100.00000000000003,266.19693724501826
2023-08-10,400.00000000000006,272.1734710104134
2023-08-10,100.00000000000003,279.71244486180996
2023-08-10,16000.000000000002,19313.785210592683
2023-08-11,14999.99999999999,37468.17172635599
2023-08-11,16000.000000000002,19255.55684020495
2023-08-11,35999.99999999998,29545.999874607594
2023-08-11,35999.99999999998,33349.33223856605
2023-08-11,23999.99999999999,25034.212537414933
2023-08-12,11999.999999999998,27905.129676734745
2023-08-12,349999.9999999997,236082.9110137732
2023-08-12,299.9999999999999,297.31019533717443
2023-08-12,48000.00000000004,39806.57319038336
2023-08-13,180000.00000000003,119123.2141887257
2023-08-13,400.00000000000006,282.402860440106
2023-08-13,100.00000000000003,118.35302563420483
2023-08-13,2999.9999999999995,8090.237941285916
2023-08-13,75000.00000000004,44083.55520649568
2023-08-14,23999.99999999999,28580.677637996567
2023-08-14,35999.99999999998,37128.334500853336
2023-08-14,100.00000000000003,294.16017650138986
2023-08-14,8000.0000000000055,21307.896677276753
2023-08-15,280000.0,209155.32992419295
2023-08-15,75000.00000000004,44429.452809509676
2023-08-15,25000.000000000004,61322.73667474587
2023-08-15,8000.0000000000055,19489.102969678344
2023-08-15,40000.0,24444.75047307397
2023-08-15,11999.999999999998,35691.4527135733
2023-08-15,2999.9999999999995,7573.16624105298
2023-08-16,35999.99999999998,34214.83127571116
2023-08-16,11999.999999999998,27983.435700084323
2023-08-16,50000.000000000015,64514.033962033216
2023-08-17,44999.999999999985,100800.29697154506
2023-08-17,100.00000000000003,113.87267444934172
2023-08-17,60000.000000000015,31314.56028799072
2023-08-17,48000.00000000004,26901.015216229065
2023-08-18,70000.00000000001,193388.79758433282
2023-08-18,90000.00000000001,106683.19016978887
2023-08-18,35999.99999999998,29413.068118234678
2023-08-18,299.9999999999999,269.32465507580383
2023-08-18,35999.99999999998,30219.657328279543
2023-08-18,8000.0000000000055,20005.848859225855
2023-08-19,44999.999999999985,114991.69793564173
2023-08-19,50000.000000000015,91841.27182082176
2023-08-19,29999.99999999999,41529.86042781353
2023-08-19,150.0,117.53353337386154
2023-08-19,134999.99999999997,109334.88350639801
2023-08-19,11999.999999999998,6858.272595021459
2023-08-20,35999.99999999998,33665.62686510763
2023-08-21,299.9999999999999,266.554908664154
2023-08-21,35999.99999999998,30682.33949221501
2023-08-21,9000.0,7493.124918401757
2023-08-21,100000.00000000004,69437.16984468263
2023-08-21,400.00000000000006,247.38278355508876
2023-08-21,349999.9999999997,212164.17041353654
2023-08-21,35999.99999999998,32257.099659807238
2023-08-21,90000.00000000001,119421.85087517336
2023-08-21,40000.0,27257.739400329043
2023-08-22,124999.9999999999,65388.327046262864
2023-08-22,40000.0,21881.600172189916
2023-08-22,100.00000000000003,264.5700953764171
2023-08-22,11999.999999999998,40958.8753135277
2023-08-22,2999.9999999999995,6826.640247470377
2023-08-22,44999.999999999985,109970.57929473462
2023-08-22,60000.000000000015,40963.282366491665
2023-08-22,14999.99999999999,38764.46708122392
2023-08-23,400.00000000000006,240.2739998314413
2023-08-23,180000.00000000003,139608.08639910418
2023-08-23,48000.00000000004,33142.10813376136
2023-08-23,349999.9999999997,210078.20576813305
2023-08-23,8000.0000000000055,19172.77739090125
2023-08-24,150.0,116.4973926643234
2023-08-24,11999.999999999998,7261.001614944033
2023-08-25,100.00000000000003,129.52132135965476
2023-08-25,180000.00000000003,150924.0797944606
2023-08-25,349999.9999999997,210569.58857224643
2023-08-25,299.9999999999999,252.3155406908515
2023-08-25,48000.00000000004,31098.551177549038
2023-08-25,349999.9999999997,232685.6985450712
2023-08-25,11999.999999999998,31818.649514988265
2023-08-25,499.9999999999999,235.72705264784526
2023-08-25,23999.99999999999,20414.879440763336
2023-08-26,150.0,111.30622636119297
2023-08-26,14999.99999999999,7433.6485571712
2023-08-26,48000.00000000004,36373.349495053975
2023-08-26,200.0,123.08052305656054
2023-08-26,50.0,114.11838562137855
2023-08-26,349999.9999999997,207372.9932657727
2023-08-27,11999.999999999998,30032.523641951353
2023-08-27,8000.0000000000055,18119.67862998912
2023-08-27,200.0,252.76822670094887
2023-08-27,40000.0,24041.41230174931
2023-08-27,50000.000000000015,77782.16918214786
2023-08-27,100000.00000000004,77160.42043221225
2023-08-28,31999.999999999993,26742.80620025727
2023-08-28,11999.999999999998,27899.26814613745
2023-08-28,29999.99999999999,33239.52971761741
2023-08-29,225000.00000000015,122907.54517832027
2023-08-29,50000.000000000015,66770.49531291351
2023-08-30,100.00000000000003,110.83820901395279
2023-08-30,6000.000000000005,6757.9969299342665
2023-08-30,249.9999999999999,111.50538867546983
2023-08-30,75000.00000000004,89397.0260508598
2023-08-30,14999.99999999999,7989.359523926804
2023-08-30,180000.00000000003,123821.2221576552
2023-08-30,31999.999999999993,20083.581443432486
2023-08-31,29999.99999999999,36224.935779276195
2023-08-31,14999.99999999999,34870.448635275185
2023-08-31,90000.00000000001,100846.24213791135
2023-08-31,100000.00000000004,67001.5945929695
2023-08-31,16000.000000000002,21139.498234259423
2023-08-31,60000.000000000015,32703.823965626507
2023-08-31,23999.99999999999,17494.13741255015
2023-08-31,2999.9999999999995,8019.4546934234
2023-08-31,14999.99999999999,7675.930912571115
2023-08-31,100.00000000000003,232.26778280689405
2023-08-31,23999.99999999999,36964.13650969812
2023-08-31,75000.00000000004,40953.47099008986
2023-08-31,90000.00000000001,101985.94576009765
2023-09-01,48000.00000000004,32606.565557975096
2023-09-01,150.0,127.58143703488915
2023-09-01,23999.99999999999,30277.804148807027
2023-09-01,200.0,115.05228113734839
2023-09-02,60000.000000000015,30643.371359378616
2023-09-02,6000.000000000005,8574.877710788303
2023-09-02,90000.00000000001,106428.03488601008
2023-09-02,25000.000000000004,60939.211828207626
2023-09-02,23999.99999999999,19905.548079385273
2023-09-02,200.0,241.5292661138081
2023-09-03,60000.000000000015,35927.32936952209
2023-09-03,25000.000000000004,60545.62129859667
2023-09-03,44999.999999999985,132588.77708778947
2023-09-04,225000.00000000015,130481.50018652643
2023-09-04,499.9999999999999,316.2545437214049
2023-09-04,11999.999999999998,28424.95133798167
2023-09-04,2999.9999999999995,9483.187558560161
2023-09-05,90000.00000000001,113750.48746473342
2023-09-05,35999.99999999998,31464.05676291391
2023-09-05,44999.999999999985,129243.40276905672
2023-09-05,60000.000000000015,38104.57977142626
2023-09-05,210000.0,173686.4942814188
2023-09-05,200.0,265.4385548008821
2023-09-05,6000.000000000005,7066.091480543825
2023-09-06,14999.99999999999,7577.102239264761
2023-09-06,70000.00000000001,155996.96600720778
2023-09-06,14999.99999999999,7659.529797574857
2023-09-06,100.00000000000003,159.41166361060598
2023-09-06,200.0,122.4231423636376
2023-09-06,25000.000000000004,72719.75040091231
2023-09-06,139999.9999999999,180769.22075332273
2023-09-06,150.0,136.2719815435276
2023-09-07,11999.999999999998,29383.97807161968
2023-09-07,100000.00000000004,66355.73955670698
2023-09-07,400.00000000000006,250.2447551122421
2023-09-07,499.9999999999999,271.93365570551026
2023-09-07,23999.99999999999,21865.7210647568
2023-09-07,2999.9999999999995,7570.2285776976605
2023-09-07,23999.99999999999,18841.476905471332
2023-09-08,48000.00000000004,31439.45150933124
2023-09-08,499.9999999999999,247.63225732430314
2023-09-09,50.0,132.45537329917485
2023-09-09,8000.0000000000055,24533.16972909449
2023-09-09,299.9999999999999,255.46257745283623
2023-09-09,9000.0,8002.660720117936
2023-09-10,249.9999999999999,116.42957780882433
2023-09-10,25000.000000000004,62069.94236897028
2023-09-10,9000.0,7983.781157387163
2023-09-10,124999.9999999999,87136.49200455818
2023-09-11,349999.9999999997,180841.3341682277
2023-09-11,299.9999999999999,283.7070845853682
2023-09-11,23999.99999999999,28771.78680087589
2023-09-11,100.00000000000003,124.1494152929247
2023-09-11,139999.9999999999,247579.29214174728
2023-09-12,200.0,236.54065603814038
2023-09-12,8000.0000000000055,21814.86448182189
2023-09-13,23999.99999999999,29250.213291334177
2023-09-13,180000.00000000003,121931.89479976386
2023-09-13,48000.00000000004,30266.848398882863
2023-09-13,40000.0,19167.130558740188
2023-09-13,23999.99999999999,34068.43636819463
2023-09-13,23999.99999999999,18926.274465687675
2023-09-14,11999.999999999998,32096.2384508815
2023-09-14,60000.000000000015,36976.72387892686
2023-09-14,60000.000000000015,28658.350228335577
2023-09-14,180000.00000000003,121392.87078012043
2023-09-15,249.9999999999999,113.84148420422083
2023-09-15,31999.999999999993,19156.137971010834
2023-09-15,14999.99999999999,7898.985808411771
2023-09-15,60000.000000000015,29746.055413499013
2023-09-15,100.00000000000003,130.78393239488904
2023-09-16,60000.000000000015,34275.59329621164
2023-09-16,124999.9999999999,64425.690475307856
2023-09-16,299.9999999999999,260.9548882415123
2023-09-16,100.00000000000003,113.69577716567086
2023-09-16,249.9999999999999,111.53835733949951
2023-09-16,200.0,270.0310244983089
2023-09-16,35999.99999999998,30046.780567125446
2023-09-17,6000.000000000005,7350.971984975182
2023-09-17,60000.000000000015,28007.10606717537
2023-09-17,35999.99999999998,28374.541125180498
2023-09-17,349999.9999999997,232688.84550430975
2023-09-17,134999.99999999997,114543.71095917148
2023-09-17,8000.0000000000055,18055.673289544837
2023-09-17,499.9999999999999,259.5342388239355
2023-09-17,6000.000000000005,7457.031124531952
2023-09-17,150.0,121.12170509827274
2023-09-17,280000.0,181391.14751910788
2023-09-17,100.00000000000003,133.32016284337465
2023-09-17,60000.000000000015,30134.596106049536
2023-09-18,225000.00000000015,147241.57227062093
2023-09-18,11999.999999999998,36891.41522767208
2023-09-18,180000.00000000003,134527.57726952672
2023-09-19,134999.99999999997,110051.7359199801
2023-09-19,35999.99999999998,32401.526354285976
2023-09-20,14999.99999999999,7507.661645324552
2023-09-20,60000.000000000015,43078.42222332069
2023-09-20,48000.00000000004,30988.740266608565
2023-09-20,75000.00000000004,38506.60659663332
2023-09-21,75000.00000000004,61105.10498427627
2023-09-21,8000.0000000000055,19593.877093639534
2023-09-21,150.0,127.0806044719161
2023-09-21,75000.00000000004,36763.12077206405
2023-09-21,60000.000000000015,28836.58222737776
2023-09-21,75000.00000000004,66688.58541348742
2023-09-21,100000.00000000004,71508.3988767043
2023-09-22,29999.99999999999,39325.725884415704
2023-09-22,11999.999999999998,8071.486374799169
2023-09-22,2999.9999999999995,8258.789105512662
2023-09-22,100.00000000000003,123.61643458674877
2023-09-22,134999.99999999997,109978.40385670499
2023-09-23,60000.000000000015,31348.893417139407
2023-09-23,50000.000000000015,59252.46864008565
2023-09-23,16000.000000000002,18599.43941456304
2023-09-23,349999.9999999997,227944.44653200154
2023-09-23,2999.9999999999995,7717.606589313818
2023-09-23,200.0,121.0106499243959
2023-09-23,14999.99999999999,35707.977407500126
2023-09-23,35999.99999999998,35529.23668093333
2023-09-24,9000.0,7986.664572658875
2023-09-24,44999.999999999985,35665.850034156014
2023-09-24,23999.99999999999,29182.380629982767
2023-09-25,11999.999999999998,28495.647285841434
2023-09-25,50.0,136.61639164719398
2023-09-25,60000.000000000015,35300.79370924295
2023-09-25,9000.0,8364.920813992576
2023-09-25,100.00000000000003,160.07473505380446
2023-09-25,124999.9999999999,66076.06111292202
2023-09-26,44999.999999999985,119402.21903059675
2023-09-26,23999.99999999999,32500.28470509581
2023-09-26,11999.999999999998,28622.464422256755
2023-09-27,200.0,276.7513175702576
2023-09-27,6000.000000000005,7562.820766895631
2023-09-27,280000.0,183221.4104328957
2023-09-27,14999.99999999999,36116.33023550999
2023-09-28,75000.00000000004,57117.27669280354
2023-09-28,23999.99999999999,34726.45211974253
2023-09-29,139999.9999999999,160880.37430366172
2023-09-29,11999.999999999998,32892.69023112306
2023-09-29,44999.999999999985,109851.52488794232
2023-09-29,225000.00000000015,122410.38511558562
2023-09-29,31999.999999999993,18740.532423076198
2023-09-29,48000.00000000004,27383.381242664655
2023-09-29,249.9999999999999,118.14541773710333
2023-09-29,9000.0,7268.9700309856025
2023-09-29,11999.999999999998,8113.834743353396
2023-09-30,44999.999999999985,38235.3684811782
2023-09-30,23999.99999999999,31981.363316536103
2023-09-30,75000.00000000004,41358.41598069962
2023-09-30,8000.0000000000055,18744.706597768236
2023-09-30,14999.99999999999,34510.32832063616
2023-10-01,100.00000000000003,237.6723731942126
2023-10-01,400.00000000000006,232.4939811796902
2023-10-02,14999.99999999999,7522.794999676235
2023-10-02,249.9999999999999,132.19335130106924
2023-10-02,14999.99999999999,37295.821058062866
2023-10-03,249.9999999999999,142.75180103106476
2023-10-03,11999.999999999998,26962.86126269666
2023-10-03,6000.000000000005,9390.198907888971
2023-10-03,14999.99999999999,36888.307419056335
2023-10-03,35999.99999999998,29582.979722931956
2023-10-04,11999.999999999998,27148.954023896185
2023-10-04,35999.99999999998,44911.513485890384
2023-10-04,14999.99999999999,34952.7580252918
2023-10-04,2999.9999999999995,8933.424822838746
2023-10-04,75000.00000000004,61539.351403010885
2023-10-05,2999.9999999999995,8206.832805829254
2023-10-05,9000.0,7964.792559048621
2023-10-05,210000.0,195012.56769337336
2023-10-05,100.00000000000003,116.56860728963522
2023-10-06,35999.99999999998,29076.3875483756
2023-10-06,180000.00000000003,128821.25853869949
2023-10-06,48000.00000000004,30833.620766918793
2023-10-06,48000.00000000004,36221.92638701163
2023-10-07,400.00000000000006,258.6317207743922
2023-10-07,225000.00000000015,117817.8039089377
2023-10-07,23999.99999999999,35194.87829324464
2023-10-08,124999.9999999999,86169.11373125495
2023-10-08,9000.0,7006.605096793122
2023-10-09,25000.000000000004,59954.09438614068
2023-10-09,29999.99999999999,36129.28366078923
2023-10-09,349999.9999999997,180661.9985152705
2023-10-09,25000.000000000004,76341.41753582531
2023-10-10,225000.00000000015,115733.93228052392
2023-10-10,50000.000000000015,64852.12498331474
2023-10-10,11999.999999999998,27790.271183911504
2023-10-10,50.0,125.53659412879679
2023-10-10,210000.0,171346.17600246693
2023-10-10,139999.9999999999,151328.9953519429
2023-10-10,100.00000000000003,225.85218424637947
2023-10-10,31999.999999999993,19553.23501101366
2023-10-11,11999.999999999998,27791.405642611375
2023-10-11,90000.00000000001,123877.65235111219
2023-10-11,35999.99999999998,31010.420886863085
2023-10-12,9000.0,8282.13120791184
2023-10-12,299.9999999999999,322.8560223308746
2023-10-12,499.9999999999999,303.2380031053292
2023-10-13,349999.9999999997,175026.42448227943
2023-10-13,124999.9999999999,66363.36062785726
2023-10-13,100.00000000000003,138.22201606407498
2023-10-13,60000.000000000015,29738.581651110908
2023-10-13,349999.9999999997,180339.15928814982
2023-10-14,499.9999999999999,236.85907086677324
2023-10-14,249.9999999999999,128.0356874557167
2023-10-14,9000.0,7599.414785619491
2023-10-14,6000.000000000005,8617.759463936396
2023-10-14,349999.9999999997,175711.78586373472
2023-10-14,400.00000000000006,242.82009037356772
2023-10-14,299.9999999999999,246.714561028165
2023-10-14,100000.00000000004,76909.97582951773
2023-10-14,134999.99999999997,126230.72332627284
2023-10-15,225000.00000000015,124399.76476835199
2023-10-15,48000.00000000004,34814.91288094192
2023-10-15,8000.0000000000055,17238.227986127375
2023-10-15,2999.9999999999995,7566.023605854131
2023-10-15,200.0,236.31582730257074
2023-10-15,100.00000000000003,276.02756279252617
2023-10-15,90000.00000000001,102357.71468869457
2023-10-15,200.0,120.15339040831444
2023-10-15,16000.000000000002,18199.49588774448
2023-10-15,29999.99999999999,36721.73193488612
2023-10-15,75000.00000000004,39722.89234945207
2023-10-16,90000.00000000001,107749.23008738755
2023-10-16,100000.00000000004,56434.42996347335
2023-10-16,31999.999999999993,20331.168743213562
2023-10-16,11999.999999999998,7654.702378615066
2023-10-16,2999.9999999999995,7328.9142542329155
2023-10-16,44999.999999999985,36679.980448896866
2023-10-17,50.0,136.49037204231144
2023-10-17,14999.99999999999,7472.659661507842
2023-10-18,400.00000000000006,289.4651304139149
2023-10-18,2999.9999999999995,8487.06314134028
2023-10-18,100000.00000000004,80817.8800554712
2023-10-18,11999.999999999998,34351.099195737384
2023-10-18,139999.9999999999,155742.41162919518
2023-10-18,31999.999999999993,22216.9382884622
2023-10-18,210000.0,166666.55586548167
2023-10-19,210000.0,213509.34132328854
2023-10-19,50000.000000000015,93442.73411766365
2023-10-19,499.9999999999999,250.76022017810715
2023-10-19,400.00000000000006,245.51695732002997
2023-10-19,40000.0,18891.887713224438
2023-10-19,31999.999999999993,18971.642824346156
2023-10-19,280000.0,216629.51078922072
2023-10-19,8000.0000000000055,19031.706219784646
2023-10-19,90000.00000000001,132762.231782263
2023-10-20,29999.99999999999,34671.497101773384
2023-10-20,349999.9999999997,180203.39952932304
2023-10-20,400.00000000000006,323.35678653732367
2023-10-20,31999.999999999993,20275.842754430018
2023-10-21,23999.99999999999,28977.731021255833
2023-10-21,100000.00000000004,69842.06345230844
2023-10-21,75000.00000000004,36111.73521925131
2023-10-21,280000.0,183200.8002174737
2023-10-22,25000.000000000004,58295.77502135934
2023-10-22,44999.999999999985,35687.366379051826
2023-10-22,2999.9999999999995,6652.481314759774
2023-10-22,60000.000000000015,38805.152901112946
2023-10-23,139999.9999999999,172071.68212177718
2023-10-23,150.0,111.48881582997763
2023-10-23,100.00000000000003,114.07173678250585
2023-10-23,50.0,124.83646734555089
2023-10-23,200.0,114.11883221853815
2023-10-23,50.0,120.87603975857569
2023-10-23,50000.000000000015,60845.97900335948
2023-10-23,35999.99999999998,29866.933070017847
2023-10-24,150.0,122.96178240905131
2023-10-24,44999.999999999985,38571.53047351979
2023-10-24,25000.000000000004,66579.5655962847
2023-10-24,25000.000000000004,65389.59081127984
2023-10-24,75000.00000000004,46206.92474424529
2023-10-24,75000.00000000004,62519.354764083975
2023-10-25,11999.999999999998,7058.645266889794
2023-10-25,100000.00000000004,67001.26877508774
2023-10-25,44999.999999999985,33388.398621604225
2023-10-25,40000.0,19197.65109440914
2023-10-25,6000.000000000005,7942.470229711625
2023-10-25,139999.9999999999,165123.4607797454
2023-10-26,23999.99999999999,27791.908310843646
2023-10-26,35999.99999999998,31598.907052317518
2023-10-26,75000.00000000004,42163.796832868764
2023-10-26,60000.000000000015,27000.800445564488
2023-10-26,31999.999999999993,19230.608690057335
2023-10-27,11999.999999999998,27719.24938596991
2023-10-27,29999.99999999999,37249.086993881945
2023-10-27,40000.0,22522.23602992522
2023-10-28,14999.99999999999,33861.33573424477
2023-10-28,299.9999999999999,284.5501234883141
2023-10-28,23999.99999999999,28269.88130516977
2023-10-29,14999.99999999999,6955.715027921459
2023-10-29,25000.000000000004,57736.25955091059
2023-10-29,23999.99999999999,28406.31002595612
2023-10-29,349999.9999999997,185113.0269721838
2023-10-30,31999.999999999993,22737.003477469847
2023-10-30,14999.99999999999,7630.980079464256
2023-10-30,6000.000000000005,7602.081725678261
2023-10-30,11999.999999999998,12844.240306946987
2023-10-30,100000.00000000004,67928.99849018056
2023-10-30,23999.99999999999,27517.588995469625
2023-10-30,29999.99999999999,35053.29254791901
2023-10-30,50.0,125.80056305050576
2023-10-31,200.0,114.06938466883614
2023-10-31,400.00000000000006,261.0404540005891
2023-10-31,35999.99999999998,38117.52638136964
2023-10-31,499.9999999999999,397.3438257710115
2023-10-31,11999.999999999998,7486.127225977829
2023-11-01,60000.000000000015,38510.10659480692
2023-11-01,6000.000000000005,7419.347439896013
2023-11-01,23999.99999999999,32735.794843615364
2023-11-02,31999.999999999993,18864.618763363575
2023-11-02,180000.00000000003,122301.04809628613
2023-11-02,48000.00000000004,32486.783339562255
2023-11-02,9000.0,7155.252698772537
2023-11-02,225000.00000000015,136986.97518079937
2023-11-02,11999.999999999998,8839.333007032867
2023-11-02,400.00000000000006,255.6618677390145
2023-11-03,11999.999999999998,29656.19585016588
2023-11-03,150.0,125.12152578557163
2023-11-03,100000.00000000004,71146.30301934095
2023-11-03,75000.00000000004,82261.39721172045
2023-11-03,100.00000000000003,113.47974620861578
2023-11-03,70000.00000000001,149426.7014703605
2023-11-03,299.9999999999999,255.43494374580325
2023-11-03,11999.999999999998,31784.01492313403
2023-11-03,44999.999999999985,36728.75815526926
2023-11-03,75000.00000000004,45078.66302853159
2023-11-04,14999.99999999999,36753.278184431256
2023-11-04,23999.99999999999,47562.57171426216
2023-11-05,11999.999999999998,34004.364632077115
2023-11-05,16000.000000000002,23680.519857529223
2023-11-05,100.00000000000003,300.9431591696775
2023-11-05,44999.999999999985,37711.954738157234
2023-11-06,200.0,115.25154216665655
2023-11-06,9000.0,7799.782387529762
2023-11-06,100.00000000000003,266.0704078537333
2023-11-06,44999.999999999985,102710.81973598187
2023-11-06,150.0,114.11000062300234
2023-11-06,11999.999999999998,8220.229875922456
2023-11-07,499.9999999999999,268.1579351733716
2023-11-07,50000.000000000015,69705.98522383459
2023-11-07,299.9999999999999,273.4256332049372
2023-11-07,40000.0,20514.118026134864
2023-11-08,60000.000000000015,28861.57148519797
2023-11-08,11999.999999999998,28912.79424270077
2023-11-08,75000.00000000004,37268.17819230478
2023-11-08,60000.000000000015,35839.26884842708
2023-11-08,23999.99999999999,22128.908139270996
2023-11-09,349999.9999999997,209393.0911034797
2023-11-09,9000.0,7837.171154545759
2023-11-09,2999.9999999999995,7376.994822874858
2023-11-09,180000.00000000003,122590.6961741611
2023-11-09,48000.00000000004,28226.714615504134
2023-11-09,50.0,139.48520947312377
2023-11-10,35999.99999999998,35248.155896973934
2023-11-10,90000.00000000001,116295.95488050175
2023-11-10,50.0,115.47678116877543
2023-11-10,210000.0,214023.22157910062
2023-11-11,124999.9999999999,72453.36518526876
2023-11-11,31999.999999999993,19138.588038283986
2023-11-11,225000.00000000015,113438.30300167839
2023-11-11,150.0,130.94327868839153
2023-11-11,225000.00000000015,125780.47889042214
2023-11-11,31999.999999999993,20053.598766626925
2023-11-11,29999.99999999999,35344.26965810194
2023-11-11,2999.9999999999995,7738.797836307442
2023-11-12,210000.0,188636.94842700704
2023-11-12,124999.9999999999,64251.5072319136
2023-11-12,35999.99999999998,33809.01786215126
2023-11-12,25000.000000000004,64125.15047386099
2023-11-12,200.0,226.58866973867384
2023-11-12,9000.0,8643.946423499629
2023-11-12,6000.000000000005,7253.2182725608345
2023-11-13,400.00000000000006,259.16138409618003
2023-11-13,11999.999999999998,28356.29473071515
2023-11-13,90000.00000000001,114744.51116350916
2023-11-14,40000.0,17508.29801907696
2023-11-14,139999.9999999999,163483.4553233467
2023-11-14,35999.99999999998,30487.385797320156
2023-11-14,210000.0,154780.64767929813
2023-11-14,280000.0,184916.53671568347
2023-11-14,2999.9999999999995,7739.691296618808
2023-11-15,35999.99999999998,26754.516915546836
2023-11-15,210000.0,170591.2055673849
2023-11-15,6000.000000000005,6846.7978869879635
2023-11-15,16000.000000000002,17108.574330655425
2023-11-16,100.00000000000003,114.2860116623149
2023-11-16,25000.000000000004,58456.08211436383
2023-11-16,44999.999999999985,125912.01842349404
2023-11-16,60000.000000000015,29908.27137123363
2023-11-16,14999.99999999999,6998.6212758804495
2023-11-16,40000.0,17550.03306096387
2023-11-16,11999.999999999998,26942.796286224348
2023-11-16,23999.99999999999,18666.074605959275
2023-11-17,23999.99999999999,33842.83121356651
2023-11-17,23999.99999999999,27698.836262389497
2023-11-17,25000.000000000004,61543.540713729046
2023-11-17,29999.99999999999,39728.77814839486
2023-11-17,400.00000000000006,246.24778409960868
2023-11-17,139999.9999999999,208982.3603724262
2023-11-17,200.0,112.42990658611465
2023-11-17,44999.999999999985,51999.61623232202
2023-11-17,60000.000000000015,33400.29184171853
2023-11-17,2999.9999999999995,9917.619483903316
2023-11-17,14999.99999999999,51653.952608780244
2023-11-17,150.0,123.50211264517536
2023-11-17,23999.99999999999,28429.090657141252
2023-11-18,50.0,126.7372161713257
2023-11-19,8000.0000000000055,19309.63167271809
2023-11-19,23999.99999999999,22065.395765712838
2023-11-19,40000.0,18108.38338901988
2023-11-19,400.00000000000006,320.7297698467455
2023-11-19,50000.000000000015,66035.97159644254
2023-11-20,299.9999999999999,275.3855112874388
2023-11-20,14999.99999999999,9111.02713289475
2023-11-20,25000.000000000004,69087.46693493216
2023-11-21,50000.000000000015,70269.68271187943
2023-11-21,9000.0,7467.7815131926845
2023-11-21,70000.00000000001,201491.2968931245
2023-11-21,60000.000000000015,30497.423520594737
2023-11-21,11999.999999999998,33504.44694417669
2023-11-21,400.00000000000006,301.117756513072
2023-11-21,400.00000000000006,274.145855525148
2023-11-21,75000.00000000004,36638.39724336484
2023-11-21,150.0,129.5665702100335
2023-11-21,299.9999999999999,257.94008836195826
2023-11-21,50000.000000000015,74199.12713531729
2023-11-22,299.9999999999999,288.36503776940935
2023-11-22,6000.000000000005,7782.7612145565
2023-11-22,150.0,142.29821675932075
2023-11-22,35999.99999999998,28668.71755540058
2023-11-22,48000.00000000004,29293.07413893829
2023-11-23,499.9999999999999,262.43835219147735
2023-11-23,280000.0,194512.90496663796
2023-11-23,349999.9999999997,250767.75188802104
2023-11-23,11999.999999999998,35427.73945009809
2023-11-23,60000.000000000015,42965.53492235709
2023-11-23,139999.9999999999,166585.14170903683
2023-11-23,25000.000000000004,60430.20053123198
2023-11-23,134999.99999999997,107169.1733302191
2023-11-23,210000.0,203455.0200612223
2023-11-24,48000.00000000004,31595.73728806316
2023-11-24,200.0,254.84389437550925
2023-11-24,14999.99999999999,38718.59900262539
2023-11-24,35999.99999999998,28730.602330654823
2023-11-24,31999.999999999993,19905.02754578354
2023-11-25,29999.99999999999,36624.48600805282
2023-11-25,23999.99999999999,29921.381033610203
2023-11-25,499.9999999999999,247.73268355322418
2023-11-25,249.9999999999999,117.29596071392866
2023-11-26,29999.99999999999,33455.7260638802
2023-11-26,50000.000000000015,71373.40165721034
2023-11-26,200.0,275.4551253494748
2023-11-26,134999.99999999997,119687.43736793745
2023-11-26,44999.999999999985,105219.6066699021
2023-11-26,200.0,318.501987150429
2023-11-26,75000.00000000004,42618.52574878625
2023-11-27,9000.0,8977.53580641358
2023-11-27,70000.00000000001,184869.4384460001
2023-11-27,60000.000000000015,29872.774486908034
2023-11-28,29999.99999999999,42049.53797632607
2023-11-28,100000.00000000004,70411.69139572253
2023-11-28,400.00000000000006,290.47161263275973
2023-11-28,249.9999999999999,129.8342970610176
2023-11-29,60000.000000000015,29908.6394413457
2023-11-29,16000.000000000002,21372.225525088255
2023-11-29,44999.999999999985,117256.06706206193
2023-11-29,35999.99999999998,31641.244206955005
2023-11-29,14999.99999999999,6843.827588299359
2023-11-29,90000.00000000001,105220.74654409959
2023-11-29,50.0,122.76583353703838
2023-11-29,14999.99999999999,39777.09109748961
2023-11-29,9000.0,9429.807994579762
2023-11-29,23999.99999999999,23070.595255151344
2023-11-30,499.9999999999999,304.46494371606116
2023-11-30,60000.000000000015,29373.61868001043
2023-11-30,200.0,135.51276615577996
2023-11-30,200.0,111.52914833963722
2023-11-30,48000.00000000004,31349.787932252104
2023-12-01,299.9999999999999,242.3967817425511
2023-12-01,2999.9999999999995,9131.59359355702
2023-12-01,349999.9999999997,178075.4324776944
2023-12-01,2999.9999999999995,9072.128500282532
2023-12-01,23999.99999999999,30938.93855974193
2023-12-01,70000.00000000001,153417.05332028566
2023-12-01,200.0,253.79394869221642
2023-12-01,90000.00000000001,130203.08640500811
2023-12-02,280000.0,173907.78779057387
2023-12-02,8000.0000000000055,24299.15714681054
2023-12-02,31999.999999999993,19435.270859706496
2023-12-02,25000.000000000004,62579.662840641366
2023-12-02,200.0,149.45463796554128
2023-12-02,349999.9999999997,219231.99987508432
2023-12-02,90000.00000000001,119472.22878501899
2023-12-02,249.9999999999999,121.48873628318226
2023-12-03,200.0,247.03202743013574
2023-12-03,14999.99999999999,7720.300092640826
2023-12-03,75000.00000000004,40896.32031809866
2023-12-03,75000.00000000004,43319.42497212681
2023-12-04,2999.9999999999995,7913.9883877030925
2023-12-04,249.9999999999999,138.2313989202286
2023-12-04,75000.00000000004,36131.438316228385
2023-12-04,75000.00000000004,41166.435721919
2023-12-05,400.00000000000006,266.5354687610695
2023-12-05,280000.0,204851.37992625052
2023-12-05,134999.99999999997,106926.63863024321
2023-12-05,60000.000000000015,28842.790207983875
2023-12-05,124999.9999999999,81794.58433463048
2023-12-05,31999.999999999993,19983.66509146608
2023-12-06,180000.00000000003,103945.67264318319
2023-12-06,349999.9999999997,165484.15176865592
2023-12-06,100.00000000000003,223.34664842390987
2023-12-06,11999.999999999998,7758.429270302472
2023-12-06,200.0,122.17726958681584
2023-12-06,70000.00000000001,178291.54642394627
2023-12-06,499.9999999999999,244.80470019148262
2023-12-07,2999.9999999999995,8015.9847480927765
2023-12-07,2999.9999999999995,7573.209962978694
2023-12-07,139999.9999999999,186601.1752716382
2023-12-07,180000.00000000003,124509.76985834967
2023-12-07,299.9999999999999,241.6899545169834
2023-12-07,48000.00000000004,31088.916929661184
2023-12-07,48000.00000000004,28009.687577876124
2023-12-08,139999.9999999999,175447.36371279135
2023-12-08,400.00000000000006,282.3591953393179
2023-12-08,23999.99999999999,30876.014899928567
2023-12-08,6000.000000000005,8968.426636710527
2023-12-08,200.0,115.86202415733952
2023-12-09,50000.000000000015,67803.36955038075
2023-12-09,280000.0,236885.15074085214
2023-12-09,40000.0,18387.28528885701
2023-12-09,44999.999999999985,40341.266648910074
2023-12-09,100.00000000000003,234.25092939242603
2023-12-09,200.0,233.15984430710986
2023-12-09,100.00000000000003,141.21875747950068
2023-12-09,29999.99999999999,39712.97588982449
2023-12-09,29999.99999999999,35264.13912992763
2023-12-10,299.9999999999999,313.2339003426917
2023-12-11,48000.00000000004,31604.599209389995
2023-12-11,44999.999999999985,124949.03655441766
2023-12-11,90000.00000000001,108004.89646697721
2023-12-11,100.00000000000003,253.8553907877137
2023-12-12,14999.99999999999,55246.100110762105
2023-12-12,100.00000000000003,134.08017299646747
2023-12-12,40000.0,19445.045728037232
2023-12-12,50000.000000000015,77464.37168962495
2023-12-12,16000.000000000002,22310.575520664624
2023-12-12,40000.0,19873.987896086048
2023-12-13,23999.99999999999,19126.43869705901
2023-12-13,25000.000000000004,64876.20617383373
2023-12-13,90000.00000000001,121665.47882778198
2023-12-13,8000.0000000000055,21870.16712719458
2023-12-13,180000.00000000003,132742.3329803031
2023-12-13,44999.999999999985,97577.94165803253
2023-12-13,249.9999999999999,117.78774286436082
2023-12-14,11999.999999999998,7423.428851344088
2023-12-14,60000.000000000015,32881.29451952608
2023-12-14,90000.00000000001,129501.57517306432
2023-12-14,23999.99999999999,34758.6437906321
2023-12-15,35999.99999999998,31507.11973314655
2023-12-15,29999.99999999999,39512.91330516544
2023-12-15,400.00000000000006,243.0590334643241
2023-12-15,11999.999999999998,26620.778818932253
2023-12-15,100.00000000000003,354.4447817198024
2023-12-15,23999.99999999999,30997.87224624077
2023-12-15,35999.99999999998,30696.674982168886
2023-12-16,14999.99999999999,34011.097345754926
2023-12-16,40000.0,21016.30284367216
2023-12-16,75000.00000000004,42927.780955125585
2023-12-16,44999.999999999985,99512.9625649561
2023-12-16,60000.000000000015,33427.099683755754
2023-12-17,134999.99999999997,110764.19708850671
2023-12-17,70000.00000000001,148071.8476279739
2023-12-17,400.00000000000006,257.0008446524619
2023-12-18,44999.999999999985,37388.98573487387
2023-12-18,44999.999999999985,34721.076773656736
2023-12-18,150.0,142.59465060189333
2023-12-18,499.9999999999999,326.16808984716994
2023-12-18,75000.00000000004,68760.29462319227
2023-12-18,60000.000000000015,29381.53581942256
2023-12-18,14999.99999999999,38359.29700952685
2023-12-19,150.0,116.60355245783263
2023-12-19,11999.999999999998,27724.037792861982
2023-12-19,90000.00000000001,118600.17426904423
2023-12-20,210000.0,171877.35670519306
2023-12-20,14999.99999999999,40471.16185237637
2023-12-20,499.9999999999999,250.32804354265627
2023-12-20,60000.000000000015,31719.23408715532
2023-12-20,31999.999999999993,19094.8807998496
2023-12-20,299.9999999999999,251.04182145481929
2023-12-20,44999.999999999985,110590.77912904801
2023-12-20,280000.0,184612.06313151066
2023-12-21,400.00000000000006,298.5309259010341
2023-12-21,48000.00000000004,32749.124453344535
2023-12-21,14999.99999999999,7539.897620493902
2023-12-21,249.9999999999999,148.96646268357784
2023-12-21,31999.999999999993,18631.819510694953
2023-12-22,50000.000000000015,57796.473653174646
2023-12-22,200.0,255.63165319945483
2023-12-23,100000.00000000004,61633.82197709942
2023-12-23,48000.00000000004,32962.15765738864
2023-12-23,50000.000000000015,69997.30812391208
2023-12-23,8000.0000000000055,22779.643846066094
2023-12-23,225000.00000000015,226983.88045639414
2023-12-23,499.9999999999999,276.1511471769526
2023-12-24,23999.99999999999,29751.082379782652
2023-12-24,200.0,234.82678041253533
2023-12-24,35999.99999999998,29884.4340715081
2023-12-24,16000.000000000002,20958.943241239176
2023-12-24,25000.000000000004,69447.13879918787
2023-12-24,35999.99999999998,29296.920276214874
2023-12-24,29999.99999999999,41843.544020774265
2023-12-25,44999.999999999985,99623.10250729146
2023-12-25,75000.00000000004,62396.97231642713
2023-12-25,23999.99999999999,20409.598934593676
2023-12-25,50.0,119.04175668706728
2023-12-25,100000.00000000004,72446.50001765991
2023-12-26,349999.9999999997,179320.11234908254
2023-12-26,225000.00000000015,151632.94161004477
2023-12-26,14999.99999999999,6818.07771903134
2023-12-27,6000.000000000005,8497.706288899031
2023-12-27,23999.99999999999,29885.857054636635
2023-12-27,14999.99999999999,37186.02506066987
2023-12-28,25000.000000000004,60374.4579565041
2023-12-28,139999.9999999999,163131.5400813043
2023-12-28,75000.00000000004,63618.406938247834
2023-12-28,2999.9999999999995,8150.49916344254
2023-12-28,249.9999999999999,121.77192827210794
2023-12-28,50.0,123.088189125221
2023-12-29,400.00000000000006,268.658389343829
2023-12-29,70000.00000000001,162106.95138797295
2023-12-30,210000.0,172499.99295714623
2023-12-30,60000.000000000015,36910.629273018465
2023-12-31,14999.99999999999,8180.594993072249
2023-12-31,60000.000000000015,36244.54973557826
2023-12-31,40000.0,18789.384019638666
2023-12-31,60000.000000000015,27521.204479390315
2023-12-31,280000.0,180945.10842574862
2023-12-31,11999.999999999998,36267.792473247755
2023-12-31,50000.000000000015,70416.07673944166
2023-12-31,50000.000000000015,61059.32457728346
